payment_id,order_id,payment_date,payment_method,amount,status,transaction_id
1,1,2025-09-03T11:12:29.685054,Credit Card,4075.43,Completed,TXN-0656259045
2,1,2025-09-05T03:45:09.179796,Cash on Delivery,2716.95,Completed,TXN-9908027112
3,2,2025-10-21T00:58:49.491251,Bank Transfer,4946.92,Completed,TXN-8231555165
4,3,2025-06-11T00:33:51.499072,PayPal,5118.59,Failed,TXN-7680866281
5,4,2025-08-02T17:25:45.438955,Bank Transfer,6509.46,Failed,TXN-7214330800
6,5,2025-01-22T11:42:53.467902,Bank Transfer,4753.19,Failed,TXN-3700332285
7,6,2024-12-23T01:12:09.313793,Credit Card,829.23,Completed,TXN-6084706810
8,7,2025-01-16T12:23:17.238491,Cash on Delivery,4262.12,Pending,TXN-0339705195
9,8,2025-05-27T04:11:15.093973,Credit Card,8629.14,Completed,TXN-2632809448
10,9,2025-03-18T00:07:23.710479,Bank Transfer,657.7,Completed,TXN-3945354614
11,9,2025-03-20T06:54:35.575671,PayPal,438.46,Completed,TXN-7079863210
12,10,2025-02-20T11:25:20.575116,Credit Card,567.92,Completed,TXN-3394394570
13,10,2025-02-21T02:22:31.541019,Cash on Delivery,378.61,Completed,TXN-3943804032
14,11,2025-02-04T15:01:54.524291,Debit Card,4320.25,Refunded,TXN-3765769277
15,12,2025-05-16T08:11:02.903802,Bank Transfer,3289.13,Failed,TXN-4319100900
16,13,2025-03-17T12:17:47.846247,Credit Card,12106.79,Completed,TXN-0476921053
17,14,2025-08-27T17:03:57.975646,Cash on Delivery,3837.8,Pending,TXN-6514604014
18,15,2025-02-04T06:07:29.672682,PayPal,4926.79,Completed,TXN-7310720113
19,16,2025-10-16T15:13:24.920442,Debit Card,1584.31,Failed,TXN-9844097123
20,17,2025-03-31T03:29:59.893108,Cash on Delivery,3245.93,Completed,TXN-0076762090
21,17,2025-04-04T18:13:34.662514,Credit Card,2163.95,Completed,TXN-1447340433
22,18,2025-01-03T10:35:48.561167,PayPal,4330.79,Completed,TXN-0096873045
23,19,2025-06-24T04:19:55.996616,Bank Transfer,2400.97,Refunded,TXN-5778255882
24,20,2025-05-12T03:38:29.156863,Credit Card,4406.65,Refunded,TXN-5629657542
25,21,2024-12-29T22:47:55.780949,Debit Card,9817.3,Pending,TXN-7865619425
26,22,2025-08-28T01:28:16.096893,Credit Card,5419.58,Completed,TXN-7782058295
27,23,2025-05-05T15:59:40.637908,Debit Card,4082.07,Refunded,TXN-2923616188
28,24,2025-01-16T02:11:52.550048,Credit Card,1986.58,Failed,TXN-1904823571
29,25,2025-07-24T19:06:39.718287,Credit Card,166.72,Pending,TXN-5868639561
30,26,2025-03-09T21:16:47.801114,Bank Transfer,5092.36,Completed,TXN-7230817214
31,27,2025-07-03T16:43:35.809919,PayPal,6067.54,Pending,TXN-6438130004
32,28,2024-12-22T22:01:59.483491,Bank Transfer,6017.9,Pending,TXN-2114716560
33,29,2025-08-15T11:17:58.637682,Cash on Delivery,719.13,Refunded,TXN-4565346997
34,30,2025-03-15T18:39:31.920555,Bank Transfer,1284.79,Completed,TXN-7075504768
35,30,2025-03-18T19:12:09.109651,Credit Card,856.52,Completed,TXN-1699570607
36,31,2025-02-26T03:14:44.623788,Bank Transfer,3051.03,Completed,TXN-4811317653
37,31,2025-02-26T13:05:14.853668,Debit Card,2034.02,Completed,TXN-9705487396
38,32,2025-08-08T01:09:29.034400,Debit Card,2819.22,Completed,TXN-2908718274
39,33,2025-03-12T15:45:38.858660,PayPal,5627.87,Refunded,TXN-6804918727
40,34,2025-11-06T00:06:06.954930,Credit Card,5802.93,Completed,TXN-2049561213
41,35,2025-10-01T17:49:14.017066,Bank Transfer,3345.08,Refunded,TXN-3062604235
42,36,2024-11-23T04:00:32.600461,Credit Card,1852.43,Completed,TXN-7371122299
43,36,2024-11-25T17:40:48.802254,Credit Card,1234.96,Completed,TXN-0775608581
44,37,2025-02-25T23:33:07.152568,Bank Transfer,4162.92,Completed,TXN-0468611145
45,38,2025-06-10T13:36:40.933734,Debit Card,5237.53,Completed,TXN-3210219237
46,38,2025-06-13T09:28:36.160508,Cash on Delivery,3491.68,Completed,TXN-8584712961
47,39,2025-10-28T11:19:23.348641,Cash on Delivery,2904.95,Pending,TXN-3324260508
48,40,2025-01-24T13:23:28.174358,PayPal,3277.39,Completed,TXN-4980425373
49,40,2025-01-25T01:56:08.566588,Bank Transfer,2184.93,Completed,TXN-3777312688
50,41,2025-09-16T15:24:17.174026,PayPal,1786.12,Completed,TXN-2821781923
51,41,2025-09-16T22:56:03.980316,Cash on Delivery,1190.74,Completed,TXN-6534606056
52,42,2025-11-03T04:14:38.935058,Bank Transfer,5642.42,Failed,TXN-5679327986
53,43,2024-12-01T08:40:44.572724,Credit Card,6016.3,Failed,TXN-2398471690
54,44,2025-01-24T08:29:49.981256,Credit Card,3458.46,Failed,TXN-8120546475
55,45,2025-07-22T06:45:24.918195,Bank Transfer,7594.22,Failed,TXN-8954787698
56,46,2025-01-10T21:12:40.978703,Debit Card,5230.97,Pending,TXN-9992751758
57,47,2025-08-09T09:53:35.136597,Debit Card,9191.42,Failed,TXN-1444498355
58,48,2025-05-12T05:25:58.223252,Debit Card,5152.01,Refunded,TXN-9354358644
59,49,2025-11-07T19:13:14.555923,Debit Card,303.76,Completed,TXN-3924358853
60,50,2024-12-06T05:18:03.931466,Cash on Delivery,1526.43,Failed,TXN-9821433952
61,51,2024-12-29T13:00:49.870239,Cash on Delivery,3664.66,Pending,TXN-7536749785
62,52,2025-04-11T03:07:37.382159,Cash on Delivery,914.53,Completed,TXN-9141686013
63,53,2025-01-24T10:40:09.268361,Bank Transfer,6177.08,Failed,TXN-4778948963
64,54,2025-09-29T03:01:59.088735,Bank Transfer,4357.61,Pending,TXN-6791766512
65,55,2025-07-05T21:15:15.139498,Credit Card,6565.73,Completed,TXN-5001418842
66,56,2025-02-28T05:38:57.961942,Credit Card,1966.88,Refunded,TXN-6309001594
67,57,2025-03-06T16:45:38.964336,PayPal,2120.75,Completed,TXN-3339994853
68,58,2025-08-26T15:05:33.911459,PayPal,4712.02,Completed,TXN-8953263890
69,59,2025-09-05T14:38:01.462644,Credit Card,487.14,Pending,TXN-1994711363
70,60,2025-03-20T11:54:03.421877,Cash on Delivery,4478.95,Completed,TXN-9223410346
71,61,2025-11-13T00:26:53.803021,Cash on Delivery,3117.72,Failed,TXN-9673311677
72,62,2025-08-14T02:46:50.171151,PayPal,6185.25,Refunded,TXN-6960843768
73,63,2025-08-27T16:14:27.226885,PayPal,1004.5,Failed,TXN-0789679352
74,64,2025-03-03T21:38:37.423160,Debit Card,2871.45,Completed,TXN-9626335564
75,65,2025-06-29T02:53:05.059121,Bank Transfer,3582.05,Completed,TXN-3697093170
76,65,2025-06-30T22:30:44.576401,PayPal,2388.04,Completed,TXN-6955607676
77,66,2025-10-28T12:49:16.955450,Cash on Delivery,486.18,Failed,TXN-4534547223
78,67,2025-08-07T15:05:42.672847,Cash on Delivery,1097.08,Completed,TXN-8983065031
79,68,2025-05-18T04:24:52.498889,PayPal,2560.7,Completed,TXN-9804184724
80,68,2025-05-18T23:00:09.688832,PayPal,1707.14,Completed,TXN-2642364281
81,69,2025-04-05T17:55:47.096171,Debit Card,3229.02,Pending,TXN-1909248762
82,70,2025-04-20T15:03:55.761677,Cash on Delivery,3801.37,Completed,TXN-3911142817
83,70,2025-04-25T17:01:28.874772,Credit Card,2534.25,Completed,TXN-8522823052
84,71,2025-03-20T07:23:31.256585,Cash on Delivery,5529.43,Failed,TXN-8088062207
85,72,2025-08-20T11:00:00.011450,Cash on Delivery,11816.93,Pending,TXN-2395947372
86,73,2025-05-09T02:15:01.220548,Debit Card,462.82,Completed,TXN-2901620478
87,73,2025-05-12T13:37:30.859127,PayPal,308.54,Completed,TXN-7688687859
88,74,2025-03-31T10:41:33.993028,Debit Card,1987.33,Failed,TXN-6486287203
89,75,2024-12-08T15:11:12.645144,Debit Card,9899.63,Pending,TXN-5419666450
90,76,2025-02-08T00:59:46.925199,Bank Transfer,578.16,Pending,TXN-3036279246
91,77,2025-02-17T15:53:09.628166,Debit Card,227.2,Completed,TXN-0374767753
92,78,2025-09-16T22:19:10.419796,PayPal,5712.93,Failed,TXN-6032145057
93,79,2025-07-10T05:24:43.300910,Credit Card,8454.05,Pending,TXN-6194588707
94,80,2025-04-20T13:09:29.266315,Bank Transfer,4421.9,Completed,TXN-4820128400
95,80,2025-04-22T19:13:30.427519,Bank Transfer,2947.94,Completed,TXN-8385076597
96,81,2025-05-21T01:47:24.692122,Bank Transfer,848.34,Refunded,TXN-5450891776
97,82,2025-01-21T00:50:52.396662,PayPal,2275.7,Completed,TXN-8981265742
98,82,2025-01-21T04:56:02.579088,Cash on Delivery,1517.13,Completed,TXN-2319646300
99,83,2024-12-22T22:59:01.347362,Credit Card,4175.45,Completed,TXN-3693626894
100,83,2024-12-28T18:23:06.099440,Bank Transfer,2783.64,Completed,TXN-3012047137
101,84,2025-09-04T18:48:02.055302,Debit Card,6081.56,Refunded,TXN-2711759574
102,85,2025-11-07T02:11:58.881905,Credit Card,4751.09,Failed,TXN-8558298493
103,86,2025-08-12T19:24:36.091930,PayPal,4083.02,Failed,TXN-0674584760
104,87,2025-07-19T20:04:36.353804,Credit Card,9812.84,Failed,TXN-4412833372
105,88,2025-11-12T15:16:58.027218,Bank Transfer,1310.25,Completed,TXN-8856669541
106,89,2025-03-10T18:39:34.485785,Cash on Delivery,4509.4,Pending,TXN-9715066626
107,90,2025-05-14T07:36:19.719688,Cash on Delivery,4402.85,Refunded,TXN-0551437769
108,91,2025-07-05T12:41:30.479194,Bank Transfer,5509.18,Completed,TXN-6343925295
109,92,2025-07-23T21:46:40.213949,Debit Card,667.03,Completed,TXN-1110286712
110,92,2025-07-28T08:39:34.646249,Credit Card,444.68,Completed,TXN-0072024559
111,93,2024-11-18T05:06:56.210842,PayPal,3333.69,Completed,TXN-2451091090
112,94,2024-12-27T01:28:24.731572,Bank Transfer,3337.83,Failed,TXN-3267149498
113,95,2025-03-24T16:28:59.065113,PayPal,2417.14,Completed,TXN-9421794281
114,96,2025-09-11T06:01:58.108155,Credit Card,1444.41,Refunded,TXN-3406527758
115,97,2025-11-09T23:36:47.558330,Debit Card,225.92,Completed,TXN-6634533722
116,97,2025-11-13T22:58:58.576428,Credit Card,150.61,Completed,TXN-0109121722
117,98,2025-02-11T06:13:44.132910,Credit Card,6185.26,Refunded,TXN-4559376618
118,99,2025-05-27T21:17:06.299499,PayPal,3662.98,Refunded,TXN-4370526351
119,100,2025-01-17T13:39:42.088087,Credit Card,342.8,Pending,TXN-4627765725
120,101,2024-11-30T02:17:46.103924,Debit Card,2117.02,Failed,TXN-6592024617
121,102,2025-04-22T20:52:54.076251,Bank Transfer,6124.48,Pending,TXN-5202389743
122,103,2025-06-04T14:59:24.398968,Bank Transfer,10509.42,Refunded,TXN-6005595501
123,104,2025-04-12T08:00:25.336477,PayPal,555.33,Completed,TXN-8332584868
124,104,2025-04-16T21:50:19.445362,Credit Card,370.22,Completed,TXN-9993607984
125,105,2025-07-15T10:32:27.951852,Debit Card,830.82,Completed,TXN-0450691767
126,105,2025-07-19T12:11:32.056487,PayPal,553.88,Completed,TXN-9935937440
127,106,2025-06-13T17:54:18.040595,PayPal,4215.82,Completed,TXN-9464083037
128,106,2025-06-16T18:53:40.045516,Debit Card,2810.55,Completed,TXN-3606014886
129,107,2025-09-28T19:15:49.210218,Credit Card,3927.99,Completed,TXN-4907938841
130,107,2025-10-04T20:09:26.415955,PayPal,2618.66,Completed,TXN-3685283061
131,108,2025-03-03T09:44:29.435821,Bank Transfer,809.5,Completed,TXN-7012424462
132,108,2025-03-04T21:11:16.422768,PayPal,539.67,Completed,TXN-6325144881
133,109,2025-01-09T09:56:30.347131,PayPal,925.09,Pending,TXN-2103142175
134,110,2025-10-21T00:30:21.333470,Credit Card,667.21,Pending,TXN-8781794151
135,111,2025-03-14T10:59:41.650854,Cash on Delivery,4027.41,Refunded,TXN-6384091122
136,112,2025-06-20T17:54:02.798326,Cash on Delivery,3415.29,Pending,TXN-8837505661
137,113,2025-03-16T10:22:34.689929,Cash on Delivery,2056.88,Completed,TXN-6323979137
138,113,2025-03-19T23:37:30.160988,Bank Transfer,1371.26,Completed,TXN-8765530073
139,114,2025-01-09T14:05:42.675170,Cash on Delivery,3820.91,Completed,TXN-5560571219
140,114,2025-01-12T01:42:38.273501,Debit Card,2547.28,Completed,TXN-8819277885
141,115,2025-09-16T05:48:50.989272,PayPal,4399.1,Completed,TXN-5348640104
142,115,2025-09-21T15:02:32.232522,Credit Card,2932.74,Completed,TXN-2462456185
143,116,2025-02-03T12:23:17.942555,Credit Card,1783.13,Completed,TXN-4600452128
144,116,2025-02-05T14:31:44.685964,Cash on Delivery,1188.76,Completed,TXN-9915114551
145,117,2025-08-01T15:48:51.945546,Credit Card,6767.3,Refunded,TXN-3913044881
146,118,2025-10-22T05:01:53.831224,Debit Card,4971.47,Completed,TXN-8984841604
147,119,2025-11-17T14:55:55.412188,Debit Card,6362.23,Pending,TXN-6154021190
148,120,2025-07-06T04:54:32.998059,Credit Card,2036.49,Completed,TXN-7568142983
149,120,2025-07-09T09:22:20.724160,Bank Transfer,1357.66,Completed,TXN-1522910732
150,121,2025-01-23T22:37:56.724318,Debit Card,9194.11,Failed,TXN-8360849378
151,122,2025-03-25T06:52:26.997155,Credit Card,7076.75,Pending,TXN-6396384526
152,123,2025-11-14T17:34:51.611170,Cash on Delivery,4414.6,Completed,TXN-9443916497
153,123,2025-11-16T09:52:03.698218,Bank Transfer,2943.06,Completed,TXN-0169342929
154,124,2025-09-17T04:02:58.232060,PayPal,151.91,Refunded,TXN-3203301623
155,125,2025-10-10T22:32:35.878002,Cash on Delivery,4178.01,Refunded,TXN-1903106153
156,126,2025-08-30T20:29:01.659888,Bank Transfer,5605.92,Completed,TXN-2155668473
157,127,2025-11-03T09:26:23.969105,Cash on Delivery,3589.62,Pending,TXN-2365337746
158,128,2025-10-08T01:26:03.936005,Cash on Delivery,6333.61,Pending,TXN-0672007843
159,129,2025-09-04T19:11:56.948663,Cash on Delivery,2040.06,Failed,TXN-4244260781
160,130,2025-08-20T05:07:08.769572,PayPal,2991.13,Completed,TXN-3734764273
161,130,2025-08-22T00:52:05.735272,Bank Transfer,1994.09,Completed,TXN-7203763882
162,131,2025-09-20T01:34:25.484134,Cash on Delivery,3444.75,Completed,TXN-8414846019
163,131,2025-09-24T21:02:21.672400,Cash on Delivery,2296.5,Completed,TXN-1344389982
164,132,2025-03-20T08:45:01.011781,Credit Card,2589.7,Completed,TXN-0205869507
165,132,2025-03-25T08:47:58.356976,Debit Card,1726.46,Completed,TXN-3214644936
166,133,2025-03-18T11:26:35.983083,Bank Transfer,7088.21,Completed,TXN-9995167933
167,134,2025-01-19T00:53:29.142481,Credit Card,471.51,Completed,TXN-5738573680
168,134,2025-01-24T04:56:46.992026,Bank Transfer,314.34,Completed,TXN-1192360376
169,135,2024-12-24T15:03:28.336003,Debit Card,6358.87,Pending,TXN-1187233351
170,136,2025-03-18T02:08:57.832299,PayPal,4073.82,Completed,TXN-9614973153
171,136,2025-03-18T04:05:00.834082,PayPal,2715.88,Completed,TXN-9114983074
172,137,2025-04-30T18:09:53.245569,PayPal,2311.52,Failed,TXN-0736511893
173,138,2025-08-29T06:40:38.730319,PayPal,647.69,Refunded,TXN-4065578201
174,139,2024-12-08T13:55:00.324019,Debit Card,2324.2,Completed,TXN-9043223023
175,140,2025-03-17T04:31:22.408269,Bank Transfer,1094.68,Failed,TXN-3247073920
176,141,2025-11-10T14:17:32.543679,Bank Transfer,3800.39,Pending,TXN-3546212760
177,142,2025-10-15T04:44:24.691197,Bank Transfer,2964.91,Completed,TXN-0826112312
178,143,2025-02-05T02:45:40.695981,Bank Transfer,570.29,Completed,TXN-2488899572
179,143,2025-02-07T14:47:20.555993,Cash on Delivery,380.2,Completed,TXN-9893762974
180,144,2025-02-28T14:40:37.625659,Credit Card,622.76,Completed,TXN-9303646871
181,145,2025-07-31T18:39:25.524344,PayPal,7973.04,Refunded,TXN-1203818769
182,146,2024-11-24T15:48:04.140067,Cash on Delivery,1951.88,Pending,TXN-2082832308
183,147,2025-01-26T15:19:56.749079,Debit Card,2416.99,Completed,TXN-8138815881
184,148,2025-07-24T05:45:54.291079,Debit Card,5068.52,Pending,TXN-5822067323
185,149,2025-04-07T00:40:14.614707,Credit Card,461.27,Completed,TXN-2971681572
186,149,2025-04-07T11:11:23.649615,PayPal,307.52,Completed,TXN-4500000015
187,150,2025-07-22T21:21:58.995478,PayPal,988.12,Failed,TXN-9113717850
188,151,2025-05-03T17:19:21.131647,Cash on Delivery,1418.05,Completed,TXN-9025561844
189,151,2025-05-07T04:37:45.394682,Bank Transfer,945.37,Completed,TXN-4218299874
190,152,2025-03-16T21:59:15.974491,Credit Card,3499.57,Completed,TXN-1224890567
191,153,2024-12-24T10:10:48.737522,Bank Transfer,4273.78,Refunded,TXN-6700900436
192,154,2025-01-18T19:20:40.987997,Bank Transfer,1930.15,Failed,TXN-5158482669
193,155,2025-06-26T03:00:39.521311,Debit Card,2970.23,Failed,TXN-6248355054
194,156,2025-01-14T04:55:37.503434,PayPal,4724.84,Pending,TXN-9608070633
195,157,2025-10-03T02:52:14.553870,Credit Card,1614.56,Completed,TXN-8795098221
196,157,2025-10-08T01:24:06.506296,Debit Card,1076.37,Completed,TXN-0401648188
197,158,2025-07-19T23:10:56.557542,Debit Card,6368.69,Completed,TXN-4428773836
198,159,2025-01-24T21:08:15.110558,PayPal,2076.36,Refunded,TXN-3816432126
199,160,2025-11-04T19:01:21.369465,Credit Card,5107.99,Refunded,TXN-4289464203
200,161,2025-03-16T22:01:08.010199,Debit Card,814.0,Pending,TXN-2586314417
201,162,2025-10-04T21:25:46.047573,PayPal,4507.51,Failed,TXN-6462554026
202,163,2025-04-02T21:13:45.972583,Bank Transfer,3690.78,Refunded,TXN-5582430176
203,164,2025-04-01T22:12:00.783948,Bank Transfer,4521.11,Failed,TXN-4489880315
204,165,2025-11-03T15:13:36.963667,Bank Transfer,4899.42,Failed,TXN-8824527905
205,166,2024-12-13T13:58:18.622494,Cash on Delivery,1812.23,Completed,TXN-0433335384
206,166,2024-12-18T07:30:08.414094,Credit Card,1208.15,Completed,TXN-9516321119
207,167,2025-02-21T18:11:19.117237,Cash on Delivery,6645.71,Failed,TXN-7180933913
208,168,2025-04-17T09:57:50.022780,PayPal,6234.27,Pending,TXN-2653060119
209,169,2025-04-22T18:04:03.849467,Credit Card,503.64,Completed,TXN-5617868800
210,169,2025-04-25T02:16:53.697940,PayPal,335.76,Completed,TXN-2300915618
211,170,2025-01-23T20:00:20.162172,PayPal,378.96,Failed,TXN-9803657744
212,171,2025-01-10T03:18:56.151325,PayPal,3898.62,Completed,TXN-9160936595
213,172,2025-03-18T13:00:03.627053,Cash on Delivery,2772.1,Completed,TXN-0149118941
214,173,2025-03-27T05:43:35.897651,Cash on Delivery,330.35,Refunded,TXN-3368750926
215,174,2025-03-19T10:17:45.144742,Debit Card,4240.84,Pending,TXN-2399821374
216,175,2025-03-30T13:01:42.576475,PayPal,3078.68,Completed,TXN-1404288605
217,175,2025-04-02T01:12:11.451421,PayPal,2052.45,Completed,TXN-0537666081
218,176,2025-02-06T09:24:25.078069,Bank Transfer,3279.22,Completed,TXN-0030835669
219,176,2025-02-07T05:57:45.692930,Bank Transfer,2186.14,Completed,TXN-1062715312
220,177,2025-10-11T00:57:09.236527,Cash on Delivery,1761.31,Completed,TXN-4550688269
221,178,2025-02-22T19:15:01.322969,Debit Card,551.02,Refunded,TXN-7682938440
222,179,2025-09-22T12:44:25.117961,Cash on Delivery,4223.28,Failed,TXN-4808735437
223,180,2025-05-01T15:14:10.811897,Cash on Delivery,766.89,Completed,TXN-8826033591
